{
    "loss": 3.0182387828826904,
    "accuracy": 0.7844827771186829
}